"SpatialDimValueCode","Location","FactValueNumeric"
"COG","Congo",10.05
"MOZ","Mozambique",10.05
"KEN","Kenya",10.03
"IND","India",9.95
"MDG","Madagascar",10.09
"MOZ","Mozambique",10.1
"MOZ","Mozambique",10.14
"KGZ","Kyrgyzstan",10.09
"ZWE","Zimbabwe",10.17
"SWZ","Eswatini",10.21
"RWA","Rwanda",10.21
"TZA","United Republic of Tanzania",10.17
"ERI","Eritrea",10.34
"COM","Comoros",10.33
"IND","India",10.3
"SOM","Somalia",10.44
"BDI","Burundi",10.41
"SOM","Somalia",10.39
"DJI","Djibouti",10.37
"NGA","Nigeria",10.42
"NER","Niger",10.37
"MWI","Malawi",10.35
"TJK","Tajikistan",10.42
"GIN","Guinea",10.49
"TZA","United Republic of Tanzania",10.5
"GRL","Greenland",10.48
"ZWE","Zimbabwe",10.46
"MWI","Malawi",10.57
"COG","Congo",10.55
"COG","Congo",10.63
"BGD","Bangladesh",10.59
"ERI","Eritrea",10.69
"TCD","Chad",10.7
"NPL","Nepal",10.73
"SEN","Senegal",10.77
"GNB","Guinea-Bissau",10.85
"TGO","Togo",10.84
"SOM","Somalia",10.94
"DJI","Djibouti",10.95
"GMB","Gambia",10.94
"KEN","Kenya",10.89
"NAM","Namibia",10.92
"MMR","Myanmar",10.92
"NPL","Nepal",10.88
"TGO","Togo",10.9
"TCD","Chad",10.99
"GRL","Greenland",11.01
"COG","Congo",10.98
"IND","India",10.98
"NER","Niger",11.1
"NPL","Nepal",11.19
"DJI","Djibouti",11.15
"NGA","Nigeria",11.24
"SOM","Somalia",11.31
"COG","Congo",11.4
"HTI","Haiti",11.39
"ZWE","Zimbabwe",11.41
"MWI","Malawi",11.44
"KGZ","Kyrgyzstan",11.43
"SLE","Sierra Leone",11.42
"CAF","Central African Republic",11.53
"GNB","Guinea-Bissau",11.51
"KGZ","Kyrgyzstan",11.51
"GHA","Ghana",11.55
"IND","India",11.59
"GNQ","Equatorial Guinea",11.59
"AGO","Angola",11.58
"AGO","Angola",11.62
"GIN","Guinea",11.59
"KGZ","Kyrgyzstan",11.55
"UKR","Ukraine",11.63
"ERI","Eritrea",11.72
"GMB","Gambia",11.74
"GNB","Guinea-Bissau",11.75
"SLE","Sierra Leone",11.68
"MOZ","Mozambique",11.68
"TGO","Togo",11.71
"KEN","Kenya",11.7
"GMB","Gambia",11.73
"IND","India",11.66
"SSD","South Sudan",11.9
"GRL","Greenland",12.02
"SLE","Sierra Leone",12.04
"NGA","Nigeria",12.04
"UGA","Uganda",12.01
"BWA","Botswana",12.11
"BEN","Benin",12.05
"LAO","Lao People's Democratic Republic",12.06
"ERI","Eritrea",12.15
"NER","Niger",12.12
"SOM","Somalia",12.21
"GNB","Guinea-Bissau",12.24
"AGO","Angola",12.15
"GMB","Gambia",12.24
"CZE","Czechia",12.15
"SLE","Sierra Leone",12.21
"VNM","Viet Nam",12.24
"ZMB","Zambia",12.27
"TGO","Togo",12.25
"COG","Congo",12.37
"ERI","Eritrea",12.43
"TCD","Chad",12.38
"SSD","South Sudan",12.45
"HTI","Haiti",12.35
"CPV","Cabo Verde",12.39
"DJI","Djibouti",12.48
"KEN","Kenya",12.52
"GNB","Guinea-Bissau",12.53
"GIN","Guinea",12.53
"ZMB","Zambia",12.47
"GMB","Gambia",12.54
"CPV","Cabo Verde",12.6
"GAB","Gabon",12.56
"AGO","Angola",12.6
"ZWE","Zimbabwe",12.65
"TGO","Togo",12.59
"GMB","Gambia",12.6
"BEN","Benin",12.56
"ZWE","Zimbabwe",12.66
"CMR","Cameroon",12.74
"DJI","Djibouti",12.72
"SOM","Somalia",12.72
"AGO","Angola",12.72
"GNB","Guinea-Bissau",12.66
"KGZ","Kyrgyzstan",12.71
"COM","Comoros",12.66
"SLE","Sierra Leone",12.75
"JPN","Japan",12.81
"GNB","Guinea-Bissau",12.81
"GRL","Greenland",12.78
"TGO","Togo",12.79
"PHL","Philippines",12.84
"GMB","Gambia",12.95
"LSO","Lesotho",12.85
"SWZ","Eswatini",12.93
"SDN","Sudan",12.9
"HTI","Haiti",12.86
"LSO","Lesotho",12.91
"PHL","Philippines",12.86
"PHL","Philippines",12.88
"SSD","South Sudan",12.99
"SOM","Somalia",13.03
"LAO","Lao People's Democratic Republic",13.04
"MMR","Myanmar",13.01
"CPV","Cabo Verde",13
"TKM","Turkmenistan",13.04
"RUS","Russian Federation",13.13
"IND","India",13.09
"UKR","Ukraine",13.11
"TCD","Chad",13.09
"STP","Sao Tome and Principe",13.09
"TGO","Togo",13.08
"BEN","Benin",13.07
"SLE","Sierra Leone",13.14
"DJI","Djibouti",13.24
"NAM","Namibia",13.2
"KGZ","Kyrgyzstan",13.23
"GRL","Greenland",13.16
"LSO","Lesotho",13.17
"KEN","Kenya",13.21
"AGO","Angola",13.3
"MOZ","Mozambique",13.29
"SSD","South Sudan",13.29
"STP","Sao Tome and Principe",13.32
"TKM","Turkmenistan",13.27
"KHM","Cambodia",13.28
"COD","Democratic Republic of the Congo",13.37
"STP","Sao Tome and Principe",13.44
"TKM","Turkmenistan",13.42
"JPN","Japan",13.53
"CAF","Central African Republic",13.54
"GNQ","Equatorial Guinea",13.5
"COM","Comoros",13.54
"BEN","Benin",13.48
"KEN","Kenya",13.57
"AGO","Angola",13.58
"NER","Niger",13.55
"LSO","Lesotho",13.64
"KGZ","Kyrgyzstan",13.57
"SLE","Sierra Leone",13.61
"SLB","Solomon Islands",13.69
"ZMB","Zambia",13.67
"RWA","Rwanda",13.81
"GIN","Guinea",13.81
"CIV","Cote d'Ivoire",13.78
"COD","Democratic Republic of the Congo",13.84
"BEN","Benin",13.83
"DNK","Denmark",13.93
"ERI","Eritrea",13.92
"TGO","Togo",13.89
"MRT","Mauritania",13.89
"GNB","Guinea-Bissau",13.88
"GRL","Greenland",13.88
"NAM","Namibia",13.94
"MDA","Republic of Moldova",13.88
"COG","Congo",14
"CAF","Central African Republic",14
"CMR","Cameroon",14.01
"MLI","Mali",14.03
"STP","Sao Tome and Principe",14.01
"GNQ","Equatorial Guinea",14.13
"FJI","Fiji",14.08
"BEN","Benin",14.14
"GMB","Gambia",14.05
"GIN","Guinea",14.12
"ZWE","Zimbabwe",14.06
"BEN","Benin",14.16
"VNM","Viet Nam",14.27
"BLR","Belarus",14.28
"CPV","Cabo Verde",14.26
"BTN","Bhutan",14.35
"SDN","Sudan",14.33
"COD","Democratic Republic of the Congo",14.32
"ZAF","South Africa",14.43
"CZE","Czechia",14.4
"MDG","Madagascar",14.36
"SOM","Somalia",14.44
"COM","Comoros",14.42
"LSO","Lesotho",14.43
"GIN","Guinea",14.44
"CAF","Central African Republic",14.35
"GNQ","Equatorial Guinea",14.4
"BTN","Bhutan",14.41
"UGA","Uganda",14.35
"GHA","Ghana",14.46
"DJI","Djibouti",14.46
"BDI","Burundi",14.48
"ZMB","Zambia",14.54
"PHL","Philippines",14.59
"BTN","Bhutan",14.56
"BWA","Botswana",14.62
"STP","Sao Tome and Principe",14.59
"YEM","Yemen",14.63
"MDA","Republic of Moldova",14.64
"KHM","Cambodia",14.58
"GIN","Guinea",14.64
"MLI","Mali",14.72
"CAF","Central African Republic",14.72
"GNQ","Equatorial Guinea",14.68
"SSD","South Sudan",14.71
"BWA","Botswana",14.67
"SSD","South Sudan",14.72
"LKA","Sri Lanka",14.72
"CAF","Central African Republic",14.72
"COD","Democratic Republic of the Congo",14.68
"GIN","Guinea",14.77
"DNK","Denmark",14.78
"CZE","Czechia",14.78
"GNQ","Equatorial Guinea",14.75
"STP","Sao Tome and Principe",14.82
"LAO","Lao People's Democratic Republic",14.92
"PHL","Philippines",14.99
"COM","Comoros",14.99
"TKM","Turkmenistan",15.11
"KAZ","Kazakhstan",15.14
"JPN","Japan",15.13
"NAM","Namibia",15.15
"SLE","Sierra Leone",15.15
"ZMB","Zambia",15.07
"MMR","Myanmar",15.08
"COD","Democratic Republic of the Congo",15.14
"FRA","France",15.21
"COD","Democratic Republic of the Congo",15.22
"UZB","Uzbekistan",15.15
"GRL","Greenland",15.24
"CAF","Central African Republic",15.34
"GNQ","Equatorial Guinea",15.32
"LBR","Liberia",15.31
"BWA","Botswana",15.33
"ZMB","Zambia",15.39
"MLI","Mali",15.43
"ZAF","South Africa",15.43
"JPN","Japan",15.42
"LAO","Lao People's Democratic Republic",15.37
"CIV","Cote d'Ivoire",15.49
"PAK","Pakistan",15.52
"NAM","Namibia",15.54
"GRL","Greenland",15.45
"MLI","Mali",15.62
"MRT","Mauritania",15.59
"COD","Democratic Republic of the Congo",15.59
"COM","Comoros",15.57
"FRA","France",15.74
"RUS","Russian Federation",15.7
"SSD","South Sudan",15.72
"ZMB","Zambia",15.71
"BWA","Botswana",15.69
"TKM","Turkmenistan",15.76
"RWA","Rwanda",15.79
"PHL","Philippines",15.77
"LKA","Sri Lanka",15.93
"NLD","Netherlands (Kingdom of the)",15.87
"GAB","Gabon",15.94
"LBR","Liberia",15.95
"CAF","Central African Republic",15.87
"CIV","Cote d'Ivoire",15.93
"GRL","Greenland",15.85
"SDN","Sudan",15.91
"MLI","Mali",15.93
"BEN","Benin",15.85
"MLI","Mali",16.01
"UGA","Uganda",16.01
"GHA","Ghana",15.97
"GNQ","Equatorial Guinea",15.98
"CPV","Cabo Verde",15.97
"LBR","Liberia",16.05
"BWA","Botswana",16.01
"MDA","Republic of Moldova",15.98
"LTU","Lithuania",16.08
"FRA","France",16.08
"CMR","Cameroon",16.09
"MNG","Mongolia",16.19
"TKM","Turkmenistan",16.16
"PHL","Philippines",16.23
"JPN","Japan",16.25
"GNB","Guinea-Bissau",16.19
"GAB","Gabon",16.18
"STP","Sao Tome and Principe",16.24
"MNG","Mongolia",16.35
"RUS","Russian Federation",16.34
"TCD","Chad",16.28
"GMB","Gambia",16.32
"STP","Sao Tome and Principe",16.33
"BWA","Botswana",16.32
"CIV","Cote d'Ivoire",16.44
"LBR","Liberia",16.4
"SSD","South Sudan",16.41
"MLI","Mali",16.39
"CIV","Cote d'Ivoire",16.44
"LKA","Sri Lanka",16.5
"CZE","Czechia",16.53
"PRK","Democratic People's Republic of Korea",16.55
"CMR","Cameroon",16.63
"MMR","Myanmar",16.61
"NLD","Netherlands (Kingdom of the)",16.57
"LBR","Liberia",16.6
"MNE","Montenegro",16.63
"MNG","Mongolia",16.56
"LKA","Sri Lanka",16.69
"NLD","Netherlands (Kingdom of the)",16.72
"DNK","Denmark",16.67
"FRA","France",16.69
"AGO","Angola",16.66
"BWA","Botswana",16.72
"SDN","Sudan",16.65
"CMR","Cameroon",16.8
"MDA","Republic of Moldova",16.79
"GAB","Gabon",16.78
"COM","Comoros",16.82
"LAO","Lao People's Democratic Republic",16.84
"FRA","France",16.86
"CIV","Cote d'Ivoire",16.95
"CMR","Cameroon",16.9
"KAZ","Kazakhstan",16.93
"CZE","Czechia",16.86
"VUT","Vanuatu",16.9
"ZMB","Zambia",16.88
"UZB","Uzbekistan",16.89
"CPV","Cabo Verde",16.88
"KHM","Cambodia",17.02
"GAB","Gabon",16.98
"LBR","Liberia",17.03
"FRA","France",16.99
"PHL","Philippines",16.99
"LTU","Lithuania",17
"BLR","Belarus",16.98
"TKM","Turkmenistan",17.08
"GAB","Gabon",17.09
"COD","Democratic Republic of the Congo",17.08
"YEM","Yemen",17.18
"LKA","Sri Lanka",17.18
"MNG","Mongolia",17.17
"CIV","Cote d'Ivoire",17.24
"GHA","Ghana",17.25
"CMR","Cameroon",17.18
"CPV","Cabo Verde",17.32
"ZAF","South Africa",17.27
"NER","Niger",17.25
"LKA","Sri Lanka",17.41
"GHA","Ghana",17.44
"UKR","Ukraine",17.41
"PRK","Democratic People's Republic of Korea",17.39
"BTN","Bhutan",17.54
"NLD","Netherlands (Kingdom of the)",17.53
"LVA","Latvia",17.51
"ARM","Armenia",17.54
"BEN","Benin",17.52
"COM","Comoros",17.57
"LSO","Lesotho",17.62
"NLD","Netherlands (Kingdom of the)",17.65
"LBR","Liberia",17.64
"FRA","France",17.69
"PAK","Pakistan",17.7
"YEM","Yemen",17.91
"LTU","Lithuania",17.87
"ROU","Romania",17.93
"JPN","Japan",17.92
"SLB","Solomon Islands",17.88
"MLI","Mali",18.05
"MDA","Republic of Moldova",17.97
"GAB","Gabon",18.01
"UKR","Ukraine",18.02
"FRA","France",17.99
"GAB","Gabon",18
"SWZ","Eswatini",18.01
"CIV","Cote d'Ivoire",18.07
"TKM","Turkmenistan",18.11
"MNG","Mongolia",18.11
"NLD","Netherlands (Kingdom of the)",18.12
"BTN","Bhutan",18.13
"VNM","Viet Nam",18.08
"PAK","Pakistan",18.12
"PRT","Portugal",18.13
"JPN","Japan",18.06
"NAM","Namibia",18.06
"RUS","Russian Federation",18.16
"LKA","Sri Lanka",18.31
"UZB","Uzbekistan",18.29
"CHN","China",18.32
"VNM","Viet Nam",18.27
"CHE","Switzerland",18.3
"LKA","Sri Lanka",18.39
"MNG","Mongolia",18.45
"BTN","Bhutan",18.39
"DNK","Denmark",18.4
"PHL","Philippines",18.46
"PRT","Portugal",18.49
"KHM","Cambodia",18.56
"GHA","Ghana",18.55
"MRT","Mauritania",18.59
"LAO","Lao People's Democratic Republic",18.57
"LKA","Sri Lanka",18.57
"NLD","Netherlands (Kingdom of the)",18.67
"KAZ","Kazakhstan",18.71
"TKM","Turkmenistan",18.77
"SWZ","Eswatini",18.75
"CZE","Czechia",18.83
"PRT","Portugal",18.84
"UKR","Ukraine",18.83
"JPN","Japan",18.84
"SWZ","Eswatini",18.94
"PAK","Pakistan",18.9
"VNM","Viet Nam",18.94
"PAK","Pakistan",18.88
"COD","Democratic Republic of the Congo",18.94
"LBR","Liberia",18.97
"SVK","Slovakia",18.99
"LVA","Latvia",18.97
"DNK","Denmark",19.04
"GNQ","Equatorial Guinea",18.99
"SDN","Sudan",19.02
"GTM","Guatemala",19.07
"CAF","Central African Republic",19.07
"PRK","Democratic People's Republic of Korea",19.08
"MAR","Morocco",19.21
"FRA","France",19.17
"SWZ","Eswatini",19.28
"BLR","Belarus",19.29
"PAK","Pakistan",19.3
"LSO","Lesotho",19.39
"BEL","Belgium",19.43
"ALB","Albania",19.43
"STP","Sao Tome and Principe",19.37
"LUX","Luxembourg",19.42
"LTU","Lithuania",19.51
"ZAF","South Africa",19.45
"AFG","Afghanistan",19.52
"LAO","Lao People's Democratic Republic",19.65
"CMR","Cameroon",19.62
"MAR","Morocco",19.63
"PNG","Papua New Guinea",19.56
"MMR","Myanmar",19.71
"PRK","Democratic People's Republic of Korea",19.65
"MDA","Republic of Moldova",19.68
"PAK","Pakistan",19.68
"IDN","Indonesia",19.74
"NLD","Netherlands (Kingdom of the)",19.68
"RUS","Russian Federation",19.7
"CIV","Cote d'Ivoire",19.68
"KAZ","Kazakhstan",19.85
"CHE","Switzerland",19.75
"UZB","Uzbekistan",19.8
"UZB","Uzbekistan",19.9
"POL","Poland",19.87
"MNE","Montenegro",19.85
"LUX","Luxembourg",19.91
"MDA","Republic of Moldova",20.03
"PAK","Pakistan",20.01
"MAR","Morocco",19.96
"LVA","Latvia",19.96
"CZE","Czechia",19.99
"MMR","Myanmar",20.04
"MAR","Morocco",20.08
"CHN","China",20.07
"MLI","Mali",20.12
"MNG","Mongolia",20.24
"LVA","Latvia",20.35
"KHM","Cambodia",20.37
"MNG","Mongolia",20.44
"MKD","North Macedonia",20.36
"MAR","Morocco",20.36
"ARM","Armenia",20.37
"BEL","Belgium",20.44
"ROU","Romania",20.43
"KAZ","Kazakhstan",20.38
"ROU","Romania",20.41
"BWA","Botswana",20.43
"GHA","Ghana",20.47
"LTU","Lithuania",20.54
"DNK","Denmark",20.45
"LAO","Lao People's Democratic Republic",20.5
"SWZ","Eswatini",20.55
"PAK","Pakistan",20.6
"THA","Thailand",20.59
"BTN","Bhutan",20.73
"ALB","Albania",20.75
"CHN","China",20.74
"AFG","Afghanistan",20.75
"BEL","Belgium",20.82
"THA","Thailand",20.8
"BEL","Belgium",20.93
"MAR","Morocco",20.89
"JPN","Japan",20.85
"LUX","Luxembourg",20.86
"YEM","Yemen",21.05
"PRK","Democratic People's Republic of Korea",20.96
"AFG","Afghanistan",20.98
"GEO","Georgia",20.98
"DEU","Germany",21.03
"ALB","Albania",20.96
"ITA","Italy",21.03
"PRT","Portugal",20.96
"GTM","Guatemala",20.98
"ZAF","South Africa",20.97
"GTM","Guatemala",20.98
"GAB","Gabon",20.95
"LUX","Luxembourg",21.06
"YEM","Yemen",21.06
"CMR","Cameroon",21.09
"CHE","Switzerland",21.13
"MDA","Republic of Moldova",21.24
"NLD","Netherlands (Kingdom of the)",21.17
"POL","Poland",21.22
"UZB","Uzbekistan",21.25
"MRT","Mauritania",21.34
"NOR","Norway",21.3
"THA","Thailand",21.26
"PRT","Portugal",21.27
"HRV","Croatia",21.4
"BEL","Belgium",21.35
"CHE","Switzerland",21.38
"AFG","Afghanistan",21.49
"LUX","Luxembourg",21.53
"MRT","Mauritania",21.5
"LTU","Lithuania",21.51
"BGR","Bulgaria",21.51
"IDN","Indonesia",21.46
"SLB","Solomon Islands",21.6
"YEM","Yemen",21.59
"PRT","Portugal",21.56
"MAR","Morocco",21.56
"BEL","Belgium",21.61
"GTM","Guatemala",21.62
"ZAF","South Africa",21.72
"CZE","Czechia",21.73
"LBR","Liberia",21.81
"BLR","Belarus",21.81
"MRT","Mauritania",21.78
"RUS","Russian Federation",21.83
"LVA","Latvia",21.83
"ZAF","South Africa",21.79
"POL","Poland",21.78
"SVK","Slovakia",21.85
"MAR","Morocco",21.86
"NOR","Norway",21.89
"MMR","Myanmar",22.03
"AFG","Afghanistan",21.98
"ALB","Albania",22.02
"ARM","Armenia",21.96
"GHA","Ghana",22.02
"BTN","Bhutan",22.08
"BLR","Belarus",22.07
"COL","Colombia",22.07
"KAZ","Kazakhstan",22.11
"ISR","Israel",22.08
"BEL","Belgium",22.16
"BEL","Belgium",22.23
"NAM","Namibia",22.18
"BEL","Belgium",22.26
"CHE","Switzerland",22.32
"LUX","Luxembourg",22.45
"ISL","Iceland",22.54
"AFG","Afghanistan",22.51
"BIH","Bosnia and Herzegovina",22.54
"SLB","Solomon Islands",22.45
"IDN","Indonesia",22.49
"ALB","Albania",22.5
"KOR","Republic of Korea",22.5
"PRK","Democratic People's Republic of Korea",22.62
"LUX","Luxembourg",22.6
"GUY","Guyana",22.61
"UZB","Uzbekistan",22.57
"AFG","Afghanistan",22.57
"ISR","Israel",22.58
"ISL","Iceland",22.69
"UZB","Uzbekistan",22.72
"UGA","Uganda",22.69
"BTN","Bhutan",22.66
"DEU","Germany",22.66
"DNK","Denmark",22.66
"AZE","Azerbaijan",22.82
"MAR","Morocco",22.8
"CHN","China",22.81
"UKR","Ukraine",22.79
"ROU","Romania",22.79
"GTM","Guatemala",22.85
"CHN","China",22.79
"GTM","Guatemala",22.78
"ISR","Israel",22.94
"RUS","Russian Federation",22.89
"ISL","Iceland",23.01
"ISR","Israel",23
"CHE","Switzerland",22.98
"POL","Poland",23.02
"ROU","Romania",23.01
"LUX","Luxembourg",23.06
"NOR","Norway",23.14
"ISR","Israel",23.12
"DNK","Denmark",23.09
"NOR","Norway",23.13
"ISR","Israel",23.15
"KAZ","Kazakhstan",23.11
"GEO","Georgia",23.23
"NOR","Norway",23.24
"NOR","Norway",23.17
"CHE","Switzerland",23.22
"AFG","Afghanistan",23.26
"NOR","Norway",23.33
"IDN","Indonesia",23.28
"ISR","Israel",23.29
"CHN","China",23.31
"SLB","Solomon Islands",23.37
"CZE","Czechia",23.38
"MLT","Malta",23.46
"DEU","Germany",23.52
"GHA","Ghana",23.54
"SWE","Sweden",23.52
"ISR","Israel",23.48
"PRK","Democratic People's Republic of Korea",23.57
"LVA","Latvia",23.59
"DEU","Germany",23.64
"POL","Poland",23.6
"IDN","Indonesia",23.64
"KHM","Cambodia",23.75
"MNG","Mongolia",23.71
"AFG","Afghanistan",23.71
"MKD","North Macedonia",23.75
"KAZ","Kazakhstan",23.66
"SVK","Slovakia",23.65
"GTM","Guatemala",23.72
"CHE","Switzerland",23.65
"VNM","Viet Nam",23.76
"SLB","Solomon Islands",23.85
"TUN","Tunisia",23.88
"MDA","Republic of Moldova",23.9
"FJI","Fiji",23.86
"AZE","Azerbaijan",23.88
"SVN","Slovenia",23.88
"LUX","Luxembourg",23.96
"AZE","Azerbaijan",24.02
"ALB","Albania",23.99
"ISR","Israel",24
"DNK","Denmark",24.04
"AUT","Austria",23.99
"GTM","Guatemala",23.98
"SDN","Sudan",24.06
"GUY","Guyana",24.1
"BLR","Belarus",24.1
"HRV","Croatia",24.07
"POL","Poland",24.09
"LAO","Lao People's Democratic Republic",24.19
"ISL","Iceland",24.17
"ITA","Italy",24.25
"MNE","Montenegro",24.2
"ISL","Iceland",24.26
"MDV","Maldives",24.32
"ALB","Albania",24.27
"EST","Estonia",24.3
"CHE","Switzerland",24.3
"PRK","Democratic People's Republic of Korea",24.37
"NOR","Norway",24.38
"BGR","Bulgaria",24.4
"KOR","Republic of Korea",24.44
"ISL","Iceland",24.46
"MKD","North Macedonia",24.54
"LVA","Latvia",24.52
"VUT","Vanuatu",24.58
"COL","Colombia",24.58
"ITA","Italy",24.56
"POL","Poland",24.73
"YEM","Yemen",24.76
"AZE","Azerbaijan",24.8
"AZE","Azerbaijan",24.84
"THA","Thailand",24.77
"AND","Andorra",24.85
"MDV","Maldives",24.89
"NOR","Norway",24.87
"IDN","Indonesia",24.86
"CAN","Canada",24.93
"ARM","Armenia",24.94
"SWZ","Eswatini",24.99
"SRB","Serbia",24.98
"HRV","Croatia",25.04
"EST","Estonia",24.96
"UZB","Uzbekistan",25.14
"MRT","Mauritania",25.05
"CHN","China",25.12
"IRL","Ireland",25.13
"SLV","El Salvador",25.17
"HTI","Haiti",25.2
"ARM","Armenia",25.18
"AUT","Austria",25.17
"IRL","Ireland",25.24
"SWE","Sweden",25.32
"IRN","Iran (Islamic Republic of)",25.31
"IRL","Ireland",25.35
"IRL","Ireland",25.31
"SWE","Sweden",25.26
"GEO","Georgia",25.43
"DEU","Germany",25.39
"MLT","Malta",25.48
"ROU","Romania",25.47
"AZE","Azerbaijan",25.55
"MUS","Mauritius",25.65
"UKR","Ukraine",25.57
"POL","Poland",25.64
"ISL","Iceland",25.72
"HTI","Haiti",25.69
"TUN","Tunisia",25.72
"IRL","Ireland",25.68
"ROU","Romania",25.66
"IRL","Ireland",25.66
"THA","Thailand",25.74
"ISL","Iceland",25.76
"MHL","Marshall Islands",25.78
"MDV","Maldives",25.84
"LTU","Lithuania",25.77
"VNM","Viet Nam",25.8
"AUT","Austria",25.77
"ISL","Iceland",25.86
"CAN","Canada",25.86
"ARM","Armenia",25.99
"IRL","Ireland",25.99
"SVN","Slovenia",26
"MMR","Myanmar",26.06
"DEU","Germany",26.12
"SVK","Slovakia",26.1
"AZE","Azerbaijan",26.18
"KAZ","Kazakhstan",26.18
"MLT","Malta",26.3
"DEU","Germany",26.3
"ALB","Albania",26.31
"EST","Estonia",26.3
"BIH","Bosnia and Herzegovina",26.41
"MNE","Montenegro",26.38
"YEM","Yemen",26.5
"CAN","Canada",26.49
"SRB","Serbia",26.5
"RUS","Russian Federation",26.5
"GTM","Guatemala",26.54
"IRL","Ireland",26.53
"HTI","Haiti",26.64
"AZE","Azerbaijan",26.56
"CHN","China",26.6
"ZAF","South Africa",26.71
"CAN","Canada",26.75
"COL","Colombia",26.75
"SWE","Sweden",26.72
"MNE","Montenegro",26.73
"AND","Andorra",26.76
"HRV","Croatia",26.76
"AUT","Austria",26.76
"AZE","Azerbaijan",26.89
"TUN","Tunisia",26.87
"BLR","Belarus",26.94
"AND","Andorra",26.9
"SWE","Sweden",26.89
"ESP","Spain",26.9
"BGR","Bulgaria",26.87
"GUY","Guyana",26.98
"BLR","Belarus",27.03
"GEO","Georgia",26.99
"LTU","Lithuania",26.97
"TUN","Tunisia",27.09
"POL","Poland",27.1
"IRN","Iran (Islamic Republic of)",27.06
"LVA","Latvia",27.09
"CAN","Canada",27.24
"SLV","El Salvador",27.26
"CYP","Cyprus",27.27
"MUS","Mauritius",27.33
"MYS","Malaysia",27.33
"ITA","Italy",27.28
"GEO","Georgia",27.33
"MKD","North Macedonia",27.32
"IRL","Ireland",27.34
"ITA","Italy",27.31
"SGP","Singapore",27.4
"SWZ","Eswatini",27.37
"MLT","Malta",27.37
"TUN","Tunisia",27.46
"HND","Honduras",27.46
"TUN","Tunisia",27.46
"MRT","Mauritania",27.5
"SVK","Slovakia",27.56
"PRT","Portugal",27.64
"COL","Colombia",27.62
"SVN","Slovenia",27.64
"FJI","Fiji",27.72
"PRK","Democratic People's Republic of Korea",27.84
"GUY","Guyana",27.83
"SLB","Solomon Islands",27.77
"FIN","Finland",27.75
"PRT","Portugal",27.78
"THA","Thailand",27.83
"TUN","Tunisia",27.86
"IDN","Indonesia",27.92
"PRT","Portugal",27.92
"EST","Estonia",27.92
"SAU","Saudi Arabia",27.99
"GUY","Guyana",28
"DEU","Germany",27.96
"MUS","Mauritius",28
"IDN","Indonesia",27.99
"SWE","Sweden",28.04
"IDN","Indonesia",27.96
"CAN","Canada",27.98
"PNG","Papua New Guinea",28.07
"SGP","Singapore",28.13
"PSE","occupied Palestinian territory, including east Jerusalem",28.1
"SVK","Slovakia",28.11
"LTU","Lithuania",28.11
"IRN","Iran (Islamic Republic of)",28.12
"MLT","Malta",28.18
"ESP","Spain",28.16
"DZA","Algeria",28.33
"GUY","Guyana",28.31
"PSE","occupied Palestinian territory, including east Jerusalem",28.28
"BIH","Bosnia and Herzegovina",28.29
"ALB","Albania",28.31
"FIN","Finland",28.28
"MKD","North Macedonia",28.44
"ROU","Romania",28.39
"EST","Estonia",28.45
"PSE","occupied Palestinian territory, including east Jerusalem",28.46
"AND","Andorra",28.5
"TUN","Tunisia",28.5
"HRV","Croatia",28.47
"FIN","Finland",28.53
"HUN","Hungary",28.5
"AUT","Austria",28.49
"KIR","Kiribati",28.58
"DZA","Algeria",28.6
"KOR","Republic of Korea",28.6
"VUT","Vanuatu",28.7
"JAM","Jamaica",28.72
"THA","Thailand",28.73
"AND","Andorra",28.81
"SWE","Sweden",28.85
"SLV","El Salvador",28.89
"DEU","Germany",28.91
"MRT","Mauritania",28.86
"DZA","Algeria",29.01
"VEN","Venezuela (Bolivarian Republic of)",29.02
"CYP","Cyprus",29
"COL","Colombia",29.02
"MUS","Mauritius",28.95
"GRC","Greece",29
"CAN","Canada",29.01
"ARM","Armenia",29.08
"GBR","United Kingdom of Great Britain and Northern Ireland",29.07
"BGR","Bulgaria",29.17
"SVN","Slovenia",29.21
"HND","Honduras",29.28
"SLV","El Salvador",29.27
"HRV","Croatia",29.3
"ZAF","South Africa",29.41
"CAN","Canada",29.42
"ESP","Spain",29.35
"COL","Colombia",29.45
"AUT","Austria",29.36
"AUT","Austria",29.37
"JAM","Jamaica",29.47
"SLV","El Salvador",29.48
"LVA","Latvia",29.47
"SRB","Serbia",29.54
"CHN","China",29.46
"SRB","Serbia",29.49
"EST","Estonia",29.53
"TTO","Trinidad and Tobago",29.63
"GEO","Georgia",29.56
"SWE","Sweden",29.62
"GBR","United Kingdom of Great Britain and Northern Ireland",29.63
"SGP","Singapore",29.69
"GUY","Guyana",29.68
"SLV","El Salvador",29.68
"FIN","Finland",29.7
"MYS","Malaysia",29.81
"HRV","Croatia",29.8
"HUN","Hungary",29.8
"IRN","Iran (Islamic Republic of)",29.78
"MUS","Mauritius",29.89
"MLT","Malta",29.92
"COL","Colombia",29.86
"ITA","Italy",29.91
"MUS","Mauritius",29.87
"ETH","Ethiopia",3.47
"TLS","Timor-Leste",3.58
"TLS","Timor-Leste",3.59
"TLS","Timor-Leste",3.6
"TLS","Timor-Leste",3.6
"TLS","Timor-Leste",3.59
"TLS","Timor-Leste",3.73
"RWA","Rwanda",3.84
"TLS","Timor-Leste",3.86
"ECU","Ecuador",30.03
"ARM","Armenia",29.97
"AND","Andorra",30.15
"SLV","El Salvador",30.09
"MDV","Maldives",30.05
"ESP","Spain",30.07
"JAM","Jamaica",30.19
"TUN","Tunisia",30.22
"HND","Honduras",30.17
"SVK","Slovakia",30.16
"SVN","Slovenia",30.21
"SWE","Sweden",30.34
"BGR","Bulgaria",30.37
"THA","Thailand",30.4
"HRV","Croatia",30.45
"IRN","Iran (Islamic Republic of)",30.41
"GBR","United Kingdom of Great Britain and Northern Ireland",30.38
"GBR","United Kingdom of Great Britain and Northern Ireland",30.37
"GBR","United Kingdom of Great Britain and Northern Ireland",30.44
"VUT","Vanuatu",30.53
"GEO","Georgia",30.51
"GBR","United Kingdom of Great Britain and Northern Ireland",30.57
"PRY","Paraguay",30.73
"MKD","North Macedonia",30.66
"FJI","Fiji",30.74
"MKD","North Macedonia",30.67
"CAN","Canada",30.73
"SRB","Serbia",30.7
"GBR","United Kingdom of Great Britain and Northern Ireland",30.74
"FIN","Finland",30.74
"COL","Colombia",30.77
"IRN","Iran (Islamic Republic of)",30.8
"DOM","Dominican Republic",30.9
"NIC","Nicaragua",30.88
"ECU","Ecuador",30.87
"RUS","Russian Federation",30.92
"MYS","Malaysia",30.89
"BRA","Brazil",30.94
"ESP","Spain",30.89
"BHR","Bahrain",31
"PSE","occupied Palestinian territory, including east Jerusalem",31.01
"SVK","Slovakia",30.97
"ROU","Romania",30.99
"HND","Honduras",31.09
"GEO","Georgia",31.14
"HRV","Croatia",31.06
"MYS","Malaysia",31.06
"AND","Andorra",31.23
"YEM","Yemen",31.19
"VEN","Venezuela (Bolivarian Republic of)",31.17
"PSE","occupied Palestinian territory, including east Jerusalem",31.21
"PRY","Paraguay",31.23
"FIN","Finland",31.23
"SVN","Slovenia",31.22
"JAM","Jamaica",31.33
"ECU","Ecuador",31.28
"MNE","Montenegro",31.28
"GBR","United Kingdom of Great Britain and Northern Ireland",31.29
"PSE","occupied Palestinian territory, including east Jerusalem",31.41
"EST","Estonia",31.36
"DZA","Algeria",31.5
"SYC","Seychelles",31.47
"HND","Honduras",31.57
"COL","Colombia",31.6
"MLT","Malta",31.61
"FIN","Finland",31.56
"AUT","Austria",31.63
"BIH","Bosnia and Herzegovina",31.7
"PRY","Paraguay",31.74
"CUB","Cuba",31.67
"MDV","Maldives",31.68
"GRC","Greece",31.68
"ESP","Spain",31.67
"GBR","United Kingdom of Great Britain and Northern Ireland",31.74
"HUN","Hungary",31.74
"VUT","Vanuatu",31.8
"JAM","Jamaica",31.83
"EST","Estonia",31.76
"MNE","Montenegro",31.81
"BRA","Brazil",31.81
"FSM","Micronesia (Federated States of)",31.91
"DZA","Algeria",31.95
"TUR","Türkiye",31.93
"PAN","Panama",31.94
"BGR","Bulgaria",31.88
"UKR","Ukraine",31.89
"HND","Honduras",31.97
"BLR","Belarus",32
"GUY","Guyana",32.02
"SLB","Solomon Islands",32.04
"DOM","Dominican Republic",31.99
"CRI","Costa Rica",32.03
"VCT","Saint Vincent and the Grenadines",32.05
"GRC","Greece",32
"NIC","Nicaragua",32.07
"MHL","Marshall Islands",32.06
"TUR","Türkiye",32.13
"VEN","Venezuela (Bolivarian Republic of)",32.22
"NIC","Nicaragua",32.17
"DZA","Algeria",32.23
"MUS","Mauritius",32.18
"CYP","Cyprus",32.19
"SYC","Seychelles",32.18
"SUR","Suriname",32.3
"VUT","Vanuatu",32.26
"AND","Andorra",32.35
"CYP","Cyprus",32.3
"ECU","Ecuador",32.29
"HUN","Hungary",32.32
"SVN","Slovenia",32.25
"SVN","Slovenia",32.3
"MUS","Mauritius",32.37
"KOR","Republic of Korea",32.42
"VUT","Vanuatu",32.54
"HND","Honduras",32.55
"NIC","Nicaragua",32.45
"CRI","Costa Rica",32.5
"TUR","Türkiye",32.49
"DOM","Dominican Republic",32.62
"ITA","Italy",32.63
"TUR","Türkiye",32.57
"HUN","Hungary",32.58
"MYS","Malaysia",32.6
"EST","Estonia",32.57
"SYR","Syrian Arab Republic",32.74
"LCA","Saint Lucia",32.7
"DOM","Dominican Republic",32.74
"PSE","occupied Palestinian territory, including east Jerusalem",32.75
"TUR","Türkiye",32.69
"BRA","Brazil",32.71
"LBY","Libya",32.83
"DOM","Dominican Republic",32.77
"NIC","Nicaragua",32.84
"DOM","Dominican Republic",32.75
"DOM","Dominican Republic",32.82
"VNM","Viet Nam",32.75
"TUR","Türkiye",32.76
"AUT","Austria",32.79
"TUR","Türkiye",32.9
"PSE","occupied Palestinian territory, including east Jerusalem",32.94
"OMN","Oman",33.05
"NIC","Nicaragua",33.04
"BOL","Bolivia (Plurinational State of)",33.03
"SAU","Saudi Arabia",32.96
"CYP","Cyprus",32.98
"MKD","North Macedonia",33
"VCT","Saint Vincent and the Grenadines",33.14
"PSE","occupied Palestinian territory, including east Jerusalem",33.14
"FIN","Finland",33.09
"SRB","Serbia",33.11
"MNE","Montenegro",33.12
"GUY","Guyana",33.25
"CRI","Costa Rica",33.17
"JAM","Jamaica",33.19
"TUR","Türkiye",33.17
"MLT","Malta",33.17
"FJI","Fiji",33.26
"LBY","Libya",33.32
"ECU","Ecuador",33.27
"CRI","Costa Rica",33.33
"SYC","Seychelles",33.31
"AND","Andorra",33.43
"BOL","Bolivia (Plurinational State of)",33.39
"TUR","Türkiye",33.43
"SLV","El Salvador",33.45
"IRN","Iran (Islamic Republic of)",33.37
"SYC","Seychelles",33.4
"ECU","Ecuador",33.52
"MYS","Malaysia",33.47
"SYC","Seychelles",33.49
"SUR","Suriname",33.55
"IRN","Iran (Islamic Republic of)",33.61
"HUN","Hungary",33.56
"TTO","Trinidad and Tobago",33.66
"FJI","Fiji",33.69
"DOM","Dominican Republic",33.69
"SRB","Serbia",33.71
"BGR","Bulgaria",33.65
"HND","Honduras",33.76
"LBY","Libya",33.79
"BIH","Bosnia and Herzegovina",33.84
"GEO","Georgia",33.79
"FIN","Finland",33.81
"NIC","Nicaragua",33.89
"DMA","Dominica",33.93
"FJI","Fiji",33.92
"CRI","Costa Rica",33.89
"CUB","Cuba",33.91
"BGR","Bulgaria",33.95
"KOR","Republic of Korea",33.92
"WSM","Samoa",33.96
"PRY","Paraguay",34.02
"IRN","Iran (Islamic Republic of)",34.01
"THA","Thailand",34.02
"GRC","Greece",33.97
"SYC","Seychelles",34
"DZA","Algeria",34.1
"BOL","Bolivia (Plurinational State of)",34.09
"MEX","Mexico",34.12
"SUR","Suriname",34.17
"NIC","Nicaragua",34.16
"VUT","Vanuatu",34.21
"SVK","Slovakia",34.22
"CRI","Costa Rica",34.16
"MYS","Malaysia",34.23
"DOM","Dominican Republic",34.28
"PYF","French Polynesia",34.29
"TTO","Trinidad and Tobago",34.3
"ARM","Armenia",34.29
"ITA","Italy",34.33
"SYC","Seychelles",34.33
"SVN","Slovenia",34.28
"LBY","Libya",34.36
"BHR","Bahrain",34.42
"CUB","Cuba",34.42
"FJI","Fiji",34.42
"DMA","Dominica",34.46
"LCA","Saint Lucia",34.47
"PNG","Papua New Guinea",34.46
"SYR","Syrian Arab Republic",34.54
"BIH","Bosnia and Herzegovina",34.5
"MDV","Maldives",34.5
"PRY","Paraguay",34.49
"HUN","Hungary",34.49
"CYP","Cyprus",34.48
"SYR","Syrian Arab Republic",34.56
"LBY","Libya",34.63
"VCT","Saint Vincent and the Grenadines",34.61
"CRI","Costa Rica",34.57
"CRI","Costa Rica",34.64
"MLT","Malta",34.6
"SRB","Serbia",34.63
"BMU","Bermuda",34.68
"ASM","American Samoa",34.66
"PAN","Panama",34.72
"HUN","Hungary",34.72
"GRD","Grenada",34.75
"SGP","Singapore",34.82
"JAM","Jamaica",34.8
"GRC","Greece",34.8
"HUN","Hungary",34.83
"VCT","Saint Vincent and the Grenadines",34.94
"PRY","Paraguay",34.95
"FJI","Fiji",34.93
"MHL","Marshall Islands",35.02
"LBY","Libya",34.97
"JAM","Jamaica",35.11
"KWT","Kuwait",35.08
"SYR","Syrian Arab Republic",35.24
"OMN","Oman",35.16
"MDV","Maldives",35.18
"MKD","North Macedonia",35.17
"MYS","Malaysia",35.24
"NRU","Nauru",35.29
"VCT","Saint Vincent and the Grenadines",35.27
"DMA","Dominica",35.42
"DZA","Algeria",35.44
"SUR","Suriname",35.44
"EGY","Egypt",35.36
"LBY","Libya",35.61
"VEN","Venezuela (Bolivarian Republic of)",35.61
"VCT","Saint Vincent and the Grenadines",35.62
"TTO","Trinidad and Tobago",35.65
"LBN","Lebanon",35.69
"MYS","Malaysia",35.75
"AUS","Australia",35.72
"URY","Uruguay",35.7
"FSM","Micronesia (Federated States of)",35.77
"SYR","Syrian Arab Republic",35.84
"SGP","Singapore",35.82
"LBY","Libya",35.77
"BRA","Brazil",35.78
"SUR","Suriname",35.92
"CRI","Costa Rica",35.89
"ITA","Italy",35.94
"SYC","Seychelles",35.89
"BRA","Brazil",35.89
"PNG","Papua New Guinea",35.97
"TUV","Tuvalu",35.96
"VUT","Vanuatu",35.97
"CUB","Cuba",36.03
"VCT","Saint Vincent and the Grenadines",35.96
"AUS","Australia",35.97
"BRA","Brazil",36
"VEN","Venezuela (Bolivarian Republic of)",36.13
"ECU","Ecuador",36.06
"AUS","Australia",36.11
"GRC","Greece",36.12
"ECU","Ecuador",36.05
"SYR","Syrian Arab Republic",36.25
"AUS","Australia",36.23
"SYR","Syrian Arab Republic",36.32
"DZA","Algeria",36.32
"PLW","Palau",36.29
"PRI","Puerto Rico",36.37
"GRD","Grenada",36.43
"PNG","Papua New Guinea",36.37
"AUS","Australia",36.39
"BMU","Bermuda",36.45
"CYP","Cyprus",36.54
"SRB","Serbia",36.45
"KIR","Kiribati",36.56
"LCA","Saint Lucia",36.55
"SLV","El Salvador",36.62
"URY","Uruguay",36.63
"SUR","Suriname",36.68
"DMA","Dominica",36.68
"OMN","Oman",36.7
"AUS","Australia",36.68
"BIH","Bosnia and Herzegovina",36.78
"DMA","Dominica",36.83
"SAU","Saudi Arabia",36.83
"CYP","Cyprus",36.76
"MNE","Montenegro",36.82
"MEX","Mexico",36.77
"SUR","Suriname",36.89
"DMA","Dominica",36.9
"LCA","Saint Lucia",36.95
"CYP","Cyprus",36.88
"AUS","Australia",36.87
"ESP","Spain",36.91
"PAN","Panama",36.94
"IRQ","Iraq",36.99
"LBY","Libya",36.96
"MHL","Marshall Islands",36.99
"SYR","Syrian Arab Republic",37.06
"CUB","Cuba",37.15
"ESP","Spain",37.07
"KOR","Republic of Korea",37.14
"BMU","Bermuda",37.23
"PRI","Puerto Rico",37.17
"LCA","Saint Lucia",37.15
"VEN","Venezuela (Bolivarian Republic of)",37.2
"ESP","Spain",37.24
"AUS","Australia",37.21
"NIC","Nicaragua",37.34
"BMU","Bermuda",37.32
"GRD","Grenada",37.34
"BMU","Bermuda",37.27
"BGR","Bulgaria",37.34
"SYC","Seychelles",37.32
"HND","Honduras",37.41
"SYR","Syrian Arab Republic",37.36
"HTI","Haiti",37.4
"GRD","Grenada",37.41
"OMN","Oman",37.39
"GRD","Grenada",37.48
"TTO","Trinidad and Tobago",37.54
"BOL","Bolivia (Plurinational State of)",37.48
"PAN","Panama",37.55
"URY","Uruguay",37.53
"BMU","Bermuda",37.57
"AUS","Australia",37.56
"PAN","Panama",37.58
"GRD","Grenada",37.68
"IRQ","Iraq",37.68
"SAU","Saudi Arabia",37.69
"BHR","Bahrain",37.71
"PRI","Puerto Rico",37.8
"LBN","Lebanon",37.84
"GRC","Greece",37.82
"MHL","Marshall Islands",37.9
"PRI","Puerto Rico",37.85
"LCA","Saint Lucia",37.85
"SGP","Singapore",37.93
"JAM","Jamaica",37.88
"MDV","Maldives",37.86
"MEX","Mexico",37.93
"PER","Peru",37.95
"PNG","Papua New Guinea",38.12
"QAT","Qatar",38.12
"IRQ","Iraq",38.08
"IRQ","Iraq",38.09
"NZL","New Zealand",38.05
"SUR","Suriname",38.22
"GRD","Grenada",38.16
"BMU","Bermuda",38.2
"PRI","Puerto Rico",38.2
"PRY","Paraguay",38.22
"VCT","Saint Vincent and the Grenadines",38.18
"KWT","Kuwait",38.16
"DMA","Dominica",38.26
"JOR","Jordan",38.44
"URY","Uruguay",38.37
"NZL","New Zealand",38.39
"LCA","Saint Lucia",38.54
"PRI","Puerto Rico",38.53
"PRI","Puerto Rico",38.47
"MUS","Mauritius",38.52
"GRC","Greece",38.52
"BMU","Bermuda",38.63
"BHR","Bahrain",38.56
"OMN","Oman",38.57
"USA","United States of America",38.62
"PER","Peru",38.57
"BRB","Barbados",38.73
"KNA","Saint Kitts and Nevis",38.72
"DMA","Dominica",38.81
"TTO","Trinidad and Tobago",38.8
"MHL","Marshall Islands",38.81
"VEN","Venezuela (Bolivarian Republic of)",38.82
"BIH","Bosnia and Herzegovina",38.79
"JOR","Jordan",38.84
"PAN","Panama",38.77
"USA","United States of America",38.84
"HTI","Haiti",38.87
"GRD","Grenada",38.88
"MEX","Mexico",38.89
"BRN","Brunei Darussalam",38.97
"TKL","Tokelau",39.13
"PRI","Puerto Rico",39.14
"TTO","Trinidad and Tobago",39.14
"ARG","Argentina",39.07
"USA","United States of America",39.05
"NZL","New Zealand",39.06
"IRQ","Iraq",39.25
"IRQ","Iraq",39.18
"EGY","Egypt",39.23
"BRN","Brunei Darussalam",39.16
"GRC","Greece",39.18
"ARG","Argentina",39.24
"PER","Peru",39.2
"NZL","New Zealand",39.2
"PNG","Papua New Guinea",39.29
"MHL","Marshall Islands",39.32
"BRN","Brunei Darussalam",39.25
"NZL","New Zealand",39.33
"FSM","Micronesia (Federated States of)",39.39
"OMN","Oman",39.44
"ARG","Argentina",39.42
"MEX","Mexico",39.36
"LCA","Saint Lucia",39.52
"JOR","Jordan",39.64
"JOR","Jordan",39.59
"CUB","Cuba",39.71
"MHL","Marshall Islands",39.8
"IRQ","Iraq",39.82
"MEX","Mexico",39.79
"MEX","Mexico",39.83
"DMA","Dominica",39.88
"PAN","Panama",39.93
"NZL","New Zealand",39.91
"MEX","Mexico",39.93
"TLS","Timor-Leste",4.02
"BFA","Burkina Faso",4.14
"MDG","Madagascar",4.31
"MDG","Madagascar",4.44
"TLS","Timor-Leste",4.43
"MDG","Madagascar",4.36
"ETH","Ethiopia",4.59
"KEN","Kenya",4.75
"BDI","Burundi",4.85
"VCT","Saint Vincent and the Grenadines",40.03
"JOR","Jordan",40.03
"URY","Uruguay",40.05
"PER","Peru",39.96
"CUB","Cuba",40.07
"EGY","Egypt",40.15
"MEX","Mexico",40.07
"NZL","New Zealand",40.25
"QAT","Qatar",40.34
"MHL","Marshall Islands",40.33
"BOL","Bolivia (Plurinational State of)",40.35
"KIR","Kiribati",40.55
"PRY","Paraguay",40.52
"BHR","Bahrain",40.51
"LCA","Saint Lucia",40.57
"PAN","Panama",40.57
"JOR","Jordan",40.72
"VEN","Venezuela (Bolivarian Republic of)",40.83
"IRQ","Iraq",40.76
"KWT","Kuwait",40.76
"PNG","Papua New Guinea",40.91
"JOR","Jordan",40.87
"FSM","Micronesia (Federated States of)",41
"LBN","Lebanon",41.04
"KNA","Saint Kitts and Nevis",40.96
"ARG","Argentina",41.05
"PLW","Palau",41.01
"BRB","Barbados",41.07
"ARG","Argentina",41.13
"ARG","Argentina",41.09
"PER","Peru",41.13
"JOR","Jordan",41.17
"SUR","Suriname",41.32
"TTO","Trinidad and Tobago",41.28
"BRB","Barbados",41.26
"GRD","Grenada",41.43
"SAU","Saudi Arabia",41.4
"LBN","Lebanon",41.48
"PER","Peru",41.52
"NZL","New Zealand",41.5
"BMU","Bermuda",41.64
"HTI","Haiti",41.64
"OMN","Oman",41.56
"IRQ","Iraq",41.64
"SAU","Saudi Arabia",41.59
"PYF","French Polynesia",41.73
"BRB","Barbados",41.7
"BRN","Brunei Darussalam",41.66
"URY","Uruguay",41.65
"BRN","Brunei Darussalam",41.74
"KOR","Republic of Korea",41.72
"PRI","Puerto Rico",41.78
"BLZ","Belize",41.78
"FSM","Micronesia (Federated States of)",41.79
"QAT","Qatar",41.81
"BOL","Bolivia (Plurinational State of)",41.79
"LBN","Lebanon",41.82
"ECU","Ecuador",41.83
"USA","United States of America",41.78
"BRN","Brunei Darussalam",41.79
"SGP","Singapore",41.91
"LBN","Lebanon",41.93
"OMN","Oman",41.86
"KNA","Saint Kitts and Nevis",42.03
"WSM","Samoa",42.01
"BRB","Barbados",42.02
"JOR","Jordan",42.04
"LBN","Lebanon",42
"USA","United States of America",41.95
"OMN","Oman",42.08
"USA","United States of America",42.12
"PAN","Panama",42.17
"TON","Tonga",42.32
"ARE","United Arab Emirates",42.33
"PER","Peru",42.27
"BRB","Barbados",42.36
"BHR","Bahrain",42.4
"ARE","United Arab Emirates",42.38
"EGY","Egypt",42.42
"ATG","Antigua and Barbuda",42.52
"TTO","Trinidad and Tobago",42.51
"KNA","Saint Kitts and Nevis",42.5
"ARE","United Arab Emirates",42.46
"KNA","Saint Kitts and Nevis",42.47
"KNA","Saint Kitts and Nevis",42.46
"NZL","New Zealand",42.55
"MDV","Maldives",42.62
"BLZ","Belize",42.7
"BRB","Barbados",42.75
"PNG","Papua New Guinea",42.68
"PRY","Paraguay",42.72
"BRB","Barbados",42.74
"FSM","Micronesia (Federated States of)",42.81
"KOR","Republic of Korea",42.83
"KNA","Saint Kitts and Nevis",42.9
"BIH","Bosnia and Herzegovina",42.88
"KWT","Kuwait",42.89
"BRA","Brazil",42.9
"BHR","Bahrain",42.98
"SGP","Singapore",43.12
"ATG","Antigua and Barbuda",43.35
"TUV","Tuvalu",43.29
"USA","United States of America",43.26
"USA","United States of America",43.41
"NIU","Niue",43.51
"BLZ","Belize",43.46
"BLZ","Belize",43.49
"KIR","Kiribati",43.64
"USA","United States of America",43.56
"BLZ","Belize",43.84
"URY","Uruguay",43.84
"CUB","Cuba",43.75
"KNA","Saint Kitts and Nevis",44.01
"ARE","United Arab Emirates",44.04
"KIR","Kiribati",44.12
"ASM","American Samoa",44.13
"QAT","Qatar",44.09
"PYF","French Polynesia",44.12
"BRN","Brunei Darussalam",44.15
"BHR","Bahrain",44.09
"BLZ","Belize",44.21
"BRN","Brunei Darussalam",44.16
"BRN","Brunei Darussalam",44.17
"ARG","Argentina",44.19
"BLZ","Belize",44.3
"ATG","Antigua and Barbuda",44.27
"ATG","Antigua and Barbuda",44.41
"BRA","Brazil",44.43
"BLZ","Belize",44.55
"ATG","Antigua and Barbuda",44.57
"ATG","Antigua and Barbuda",44.72
"FSM","Micronesia (Federated States of)",44.69
"ARG","Argentina",44.66
"COK","Cook Islands",44.78
"VEN","Venezuela (Bolivarian Republic of)",44.93
"ARG","Argentina",45.11
"PLW","Palau",45.06
"ATG","Antigua and Barbuda",45.21
"BHR","Bahrain",45.18
"EGY","Egypt",45.16
"ATG","Antigua and Barbuda",45.27
"ARE","United Arab Emirates",45.27
"KOR","Republic of Korea",45.26
"PLW","Palau",45.32
"LBN","Lebanon",45.55
"ARE","United Arab Emirates",45.51
"EGY","Egypt",45.53
"SGP","Singapore",45.64
"SAU","Saudi Arabia",45.79
"EGY","Egypt",45.76
"BOL","Bolivia (Plurinational State of)",45.87
"TON","Tonga",45.87
"BRA","Brazil",45.89
"SAU","Saudi Arabia",45.98
"ARE","United Arab Emirates",46.05
"BHS","Bahamas",46.14
"EGY","Egypt",46.13
"KNA","Saint Kitts and Nevis",46.25
"FSM","Micronesia (Federated States of)",46.19
"PER","Peru",46.4
"TKL","Tokelau",46.46
"BRB","Barbados",46.61
"QAT","Qatar",46.57
"KIR","Kiribati",46.68
"EGY","Egypt",46.75
"URY","Uruguay",47.03
"BOL","Bolivia (Plurinational State of)",47.07
"KWT","Kuwait",47.13
"BLZ","Belize",47.18
"CUB","Cuba",47.18
"KWT","Kuwait",47.39
"PYF","French Polynesia",47.61
"KIR","Kiribati",47.71
"NRU","Nauru",47.72
"PLW","Palau",47.67
"LBN","Lebanon",47.84
"BHS","Bahamas",47.84
"ATG","Antigua and Barbuda",47.94
"WSM","Samoa",47.92
"KIR","Kiribati",48
"ARE","United Arab Emirates",48.05
"TUV","Tuvalu",48.17
"KIR","Kiribati",48.3
"QAT","Qatar",48.26
"PYF","French Polynesia",48.75
"PYF","French Polynesia",48.65
"BHS","Bahamas",48.92
"NRU","Nauru",49.12
"TON","Tonga",49.23
"WSM","Samoa",49.45
"PLW","Palau",49.51
"WSM","Samoa",49.68
"ARE","United Arab Emirates",49.69
"BHS","Bahamas",49.7
"QAT","Qatar",49.84
"PLW","Palau",49.82
"TZA","United Republic of Tanzania",5.04
"MWI","Malawi",5.19
"BFA","Burkina Faso",5.28
"ETH","Ethiopia",5.32
"BDI","Burundi",5.39
"RWA","Rwanda",5.5
"ZWE","Zimbabwe",5.63
"BGD","Bangladesh",5.55
"ETH","Ethiopia",5.63
"SEN","Senegal",5.7
"BDI","Burundi",5.73
"ETH","Ethiopia",5.75
"TZA","United Republic of Tanzania",5.93
"ETH","Ethiopia",5.94
"TUV","Tuvalu",50.01
"URY","Uruguay",50.05
"SAU","Saudi Arabia",50.2
"PYF","French Polynesia",50.34
"KWT","Kuwait",50.64
"FSM","Micronesia (Federated States of)",50.71
"PYF","French Polynesia",50.94
"PLW","Palau",50.91
"PER","Peru",51.11
"BHS","Bahamas",51.25
"WSM","Samoa",51.32
"BHS","Bahamas",51.55
"BHS","Bahamas",51.68
"BHS","Bahamas",51.67
"COK","Cook Islands",51.83
"PYF","French Polynesia",51.96
"TUV","Tuvalu",51.98
"BHS","Bahamas",52.09
"KWT","Kuwait",52.21
"PLW","Palau",52.24
"ASM","American Samoa",52.41
"WSM","Samoa",52.45
"QAT","Qatar",52.76
"ASM","American Samoa",52.89
"NIU","Niue",53.16
"TKL","Tokelau",53.41
"WSM","Samoa",54.31
"TKL","Tokelau",54.63
"TON","Tonga",54.68
"QAT","Qatar",54.8
"CHL","Chile",54.81
"ASM","American Samoa",54.96
"TUV","Tuvalu",55.05
"CHL","Chile",55.08
"CHL","Chile",55.34
"TUV","Tuvalu",55.39
"CHL","Chile",55.7
"KWT","Kuwait",56.16
"WSM","Samoa",56.3
"TKL","Tokelau",56.54
"TON","Tonga",56.55
"TUV","Tuvalu",56.79
"BOL","Bolivia (Plurinational State of)",57.21
"ASM","American Samoa",57.33
"NRU","Nauru",57.26
"CHL","Chile",57.49
"TON","Tonga",57.56
"CHL","Chile",57.87
"NRU","Nauru",58.12
"TUV","Tuvalu",58.32
"NIU","Niue",58.38
"COK","Cook Islands",58.46
"TON","Tonga",58.53
"NRU","Nauru",59.45
"TKL","Tokelau",59.45
"ASM","American Samoa",59.71
"COG","Congo",6.02
"MDG","Madagascar",5.99
"LSO","Lesotho",6.34
"ETH","Ethiopia",6.28
"BGD","Bangladesh",6.27
"NPL","Nepal",6.36
"BFA","Burkina Faso",6.54
"NPL","Nepal",6.69
"BFA","Burkina Faso",6.7
"NER","Niger",6.81
"BDI","Burundi",6.8
"BFA","Burkina Faso",6.78
"NPL","Nepal",6.85
"KEN","Kenya",6.85
"CHL","Chile",59.96
"TKL","Tokelau",60.32
"COK","Cook Islands",60.47
"ASM","American Samoa",60.72
"TKL","Tokelau",60.82
"TKL","Tokelau",61.26
"ASM","American Samoa",61.81
"TON","Tonga",62.19
"COK","Cook Islands",62.28
"NIU","Niue",62.82
"NIU","Niue",63.38
"NRU","Nauru",63.35
"CHL","Chile",63.47
"COK","Cook Islands",64.08
"NRU","Nauru",64.78
"NIU","Niue",65.86
"TON","Tonga",67.11
"COK","Cook Islands",67.21
"NIU","Niue",67.68
"NIU","Niue",67.79
"COK","Cook Islands",67.87
"NRU","Nauru",68.12
"COK","Cook Islands",68.52
"CHL","Chile",69.23
"NIU","Niue",69.95
"BGD","Bangladesh",7.02
"BFA","Burkina Faso",6.97
"MWI","Malawi",7.12
"TZA","United Republic of Tanzania",7.12
"NER","Niger",7.08
"BGD","Bangladesh",7.12
"BFA","Burkina Faso",7.15
"MOZ","Mozambique",7.19
"TJK","Tajikistan",7.22
"MDG","Madagascar",7.25
"NER","Niger",7.25
"DJI","Djibouti",7.54
"ERI","Eritrea",7.49
"ETH","Ethiopia",7.48
"SEN","Senegal",7.59
"CPV","Cabo Verde",7.58
"NGA","Nigeria",7.59
"TZA","United Republic of Tanzania",7.59
"MDG","Madagascar",7.65
"SEN","Senegal",7.73
"SOM","Somalia",7.81
"COM","Comoros",7.82
"TZA","United Republic of Tanzania",7.83
"BGD","Bangladesh",7.84
"KHM","Cambodia",7.76
"UKR","Ukraine",7.82
"BDI","Burundi",7.86
"BDI","Burundi",7.91
"TJK","Tajikistan",8.06
"NAM","Namibia",8.17
"ZWE","Zimbabwe",8.24
"TCD","Chad",8.24
"TCD","Chad",8.17
"TZA","United Republic of Tanzania",8.24
"BFA","Burkina Faso",8.16
"MWI","Malawi",8.34
"BGD","Bangladesh",8.27
"IND","India",8.27
"TCD","Chad",8.36
"MWI","Malawi",8.36
"GIN","Guinea",8.5
"RWA","Rwanda",8.5
"SEN","Senegal",8.48
"NGA","Nigeria",8.52
"KHM","Cambodia",8.51
"ETH","Ethiopia",8.64
"TZA","United Republic of Tanzania",8.56
"SEN","Senegal",8.72
"LSO","Lesotho",8.68
"NPL","Nepal",8.73
"MWI","Malawi",8.74
"MOZ","Mozambique",8.67
"NPL","Nepal",8.75
"NPL","Nepal",8.76
"IND","India",8.81
"COG","Congo",8.86
"TJK","Tajikistan",8.86
"BFA","Burkina Faso",9
"SDN","Sudan",9.05
"TGO","Togo",9.06
"CPV","Cabo Verde",9.23
"SLB","Solomon Islands",9.17
"UGA","Uganda",9.22
"TJK","Tajikistan",9.25
"NER","Niger",9.21
"TJK","Tajikistan",9.19
"VNM","Viet Nam",9.18
"TJK","Tajikistan",9.22
"BGD","Bangladesh",9.19
"KEN","Kenya",9.16
"SSD","South Sudan",9.25
"NGA","Nigeria",9.26
"RWA","Rwanda",9.35
"SEN","Senegal",9.4
"UGA","Uganda",9.44
"MDG","Madagascar",9.46
"ZMB","Zambia",9.54
"SDN","Sudan",9.53
"MOZ","Mozambique",9.51
"MWI","Malawi",9.47
"TJK","Tajikistan",9.49
"KGZ","Kyrgyzstan",9.5
"NGA","Nigeria",9.49
"NGA","Nigeria",9.55
"BGD","Bangladesh",9.47
"TCD","Chad",9.6
"RWA","Rwanda",9.63
"ERI","Eritrea",9.68
"BDI","Burundi",9.69
"KGZ","Kyrgyzstan",9.73
"SLE","Sierra Leone",9.74
"UGA","Uganda",9.66
"UGA","Uganda",9.67
"IND","India",9.69
"DJI","Djibouti",9.85
"SEN","Senegal",9.76
"SEN","Senegal",9.8
"SDN","Sudan",9.82
"NGA","Nigeria",9.84
"MOZ","Mozambique",9.81
"RWA","Rwanda",9.79
"AGO","Angola",9.9
"NAM","Namibia",9.89
"KHM","Cambodia",9.92
"ERI","Eritrea",9.94
"MMR","Myanmar",9.89
"UGA","Uganda",9.91
"ZWE","Zimbabwe",9.91
"TJK","Tajikistan",9.94
